{"accuracy": [0.6485863924026489, 0.8048167824745178, 0.8513088822364807, 0.9013612270355225, 0.914973795413971, 0.9438743591308594, 0.9493193626403809, 0.9572774767875671, 0.9641884565353394, 0.9685863852500916, 0.9698429107666016, 0.9874345660209656, 0.9880627989768982, 0.9889005422592163, 0.9912042021751404, 0.9710994958877563, 0.9861779808998108, 0.9956020712852478, 0.9989528656005859, 0.9989528656005859, 0.9993717074394226, 0.9997905492782593, 0.9997905492782593, 0.9983246326446533, 1.0, 1.0, 1.0, 0.9997905492782593, 0.9949738383293152, 0.9968586564064026, 0.9997905492782593, 1.0], "auc": [0.8712822198867798, 0.9535617232322693, 0.9720537662506104, 0.985619306564331, 0.9881685376167297, 0.9950352311134338, 0.995316207408905, 0.9971449375152588, 0.9976922273635864, 0.9982001781463623, 0.9974818825721741, 0.9996424913406372, 0.999255895614624, 0.9994483590126038, 0.9993332624435425, 0.9963458180427551, 0.9991885423660278, 0.9997116923332214, 0.9999992847442627, 0.999997615814209, 0.9998582601547241, 0.9999997019767761, 0.9999993443489075, 0.9999920725822449, 0.9999998807907104, 1.0, 1.0, 0.999999463558197, 0.9995546340942383, 0.9998385906219482, 0.9999998211860657, 0.9999999403953552], "loss": [0.8716637492179871, 0.5131096243858337, 0.3902980387210846, 0.27434906363487244, 0.24276426434516907, 0.15684106945991516, 0.14349451661109924, 0.11382638663053513, 0.09709116071462631, 0.08764919638633728, 0.0855933204293251, 0.04174431785941124, 0.035123180598020554, 0.035825617611408234, 0.026067793369293213, 0.1060686856508255, 0.03981994092464447, 0.015312922187149525, 0.0038692441303282976, 0.0035323225893080235, 0.00322147854603827, 0.0020617633126676083, 0.0016103938687592745, 0.005574211943894625, 0.0007905752281658351, 0.00026353023713454604, 0.0006639348575845361, 0.0011179705616086721, 0.015810618177056313, 0.011053606867790222, 0.001599698094651103, 0.0008009547018446028], "precision": [0.7392939925193787, 0.8398338556289673, 0.871252179145813, 0.912220299243927, 0.9202297329902649, 0.9490378499031067, 0.9527226686477661, 0.9601601958274841, 0.9663299918174744, 0.9705511331558228, 0.9732462763786316, 0.9878304600715637, 0.9886792302131653, 0.9893104434013367, 0.9916160106658936, 0.9736731052398682, 0.9871982932090759, 0.9956011772155762, 0.9989528656005859, 0.9991621375083923, 0.9993715882301331, 0.9997905492782593, 0.9997905492782593, 0.9983246326446533, 1.0, 1.0, 1.0, 0.9997905492782593, 0.99518221616745, 0.9972757697105408, 0.9997905492782593, 1.0], "recall": [0.5350785255432129, 0.762094259262085, 0.8276439905166626, 0.8879581093788147, 0.9059686064720154, 0.9398952722549438, 0.9453403353691101, 0.953926682472229, 0.9616754055023193, 0.9662827253341675, 0.9675392508506775, 0.9859685897827148, 0.9876439571380615, 0.9884817004203796, 0.9907853603363037, 0.9681675434112549, 0.9851309061050415, 0.9953926801681519, 0.9989528656005859, 0.9989528656005859, 0.9991623163223267, 0.9997905492782593, 0.9995811581611633, 0.9983246326446533, 1.0, 1.0, 1.0, 0.9997905492782593, 0.9949738383293152, 0.9966492056846619, 0.9997905492782593, 1.0], "val_accuracy": [0.3013048768043518, 0.5860023498535156, 0.7247924208641052, 0.518386721611023, 0.8956109285354614, 0.9134045243263245, 0.8161328434944153, 0.9395017623901367, 0.9335705637931824, 0.7319098711013794, 0.9205219745635986, 0.9667853116989136, 0.7805456519126892, 0.9406880140304565, 0.5088967680931091, 0.7046263217926025, 0.9525504112243652, 0.9679715037345886, 0.9323843121528625, 0.9762752056121826, 0.9786477088928223, 0.9798339009284973, 0.9679715037345886, 0.9762752056121826, 0.9691577553749084, 0.9608541131019592, 0.9786477088928223, 0.9845789074897766, 0.9561091065406799, 0.9561091065406799, 0.982206404209137, 0.9833926558494568], "val_auc": [0.5886967778205872, 0.8673299551010132, 0.9401633143424988, 0.7138088345527649, 0.983619213104248, 0.9877344369888306, 0.9675662517547607, 0.99465411901474, 0.9909682869911194, 0.9161147475242615, 0.9890173077583313, 0.9974976181983948, 0.9303703904151917, 0.9933692216873169, 0.7502115368843079, 0.8536896109580994, 0.9916276335716248, 0.9936309456825256, 0.9755613207817078, 0.9958924651145935, 0.9973158836364746, 0.9950369596481323, 0.9942266941070557, 0.997318685054779, 0.9969624876976013, 0.9918325543403625, 0.9953359365463257, 0.9962366223335266, 0.9926077723503113, 0.9895857572555542, 0.9960707426071167, 0.9961254000663757], "val_loss": [4.260870933532715, 0.9010974168777466, 0.6282436847686768, 2.9627513885498047, 0.29877927899360657, 0.2430259883403778, 0.5072896480560303, 0.16472500562667847, 0.22849516570568085, 0.9455975294113159, 0.23148348927497864, 0.09026644378900528, 0.9729264378547668, 0.18678998947143555, 3.342362403869629, 2.088824510574341, 0.1762314885854721, 0.12473500519990921, 0.3652230501174927, 0.08985357731580734, 0.08437929302453995, 0.10243140906095505, 0.15541651844978333, 0.0832839384675026, 0.11511428654193878, 0.17526859045028687, 0.10644471645355225, 0.08595829457044601, 0.18057172000408173, 0.21484656631946564, 0.08664299547672272, 0.08255781978368759], "val_precision": [0.3007246255874634, 0.6255033612251282, 0.7307692170143127, 0.518386721611023, 0.8994011878967285, 0.9139785170555115, 0.8183990716934204, 0.940617561340332, 0.9346793293952942, 0.7496917247772217, 0.9269461035728455, 0.9679334759712219, 0.7830750942230225, 0.940617561340332, 0.5114319920539856, 0.7069377899169922, 0.9558998942375183, 0.9737156629562378, 0.9334126114845276, 0.9774346947669983, 0.9798099994659424, 0.9798339009284973, 0.9679715037345886, 0.9785714149475098, 0.9691577553749084, 0.9608076214790344, 0.9785969257354736, 0.9845789074897766, 0.9571428298950195, 0.9571937918663025, 0.9857142567634583, 0.9857312440872192], "val_recall": [0.29537367820739746, 0.5527876615524292, 0.7212336659431458, 0.518386721611023, 0.8908659815788269, 0.9074733257293701, 0.8125741481781006, 0.9395017623901367, 0.9335705637931824, 0.7212336659431458, 0.918149471282959, 0.9667853116989136, 0.7793594598770142, 0.9395017623901367, 0.5041518211364746, 0.7010676264762878, 0.9513641595840454, 0.9667853116989136, 0.9311981201171875, 0.9762752056121826, 0.9786477088928223, 0.9798339009284973, 0.9679715037345886, 0.9750889539718628, 0.9691577553749084, 0.9596678614616394, 0.9762752056121826, 0.9845789074897766, 0.9537366628646851, 0.9549229145050049, 0.982206404209137, 0.9833926558494568], "learning_rate": [0.0010000000474974513, 0.0010000000474974513, 0.0010000000474974513, 0.0010000000474974513, 0.0010000000474974513, 0.0010000000474974513, 0.0010000000474974513, 0.0010000000474974513, 0.0010000000474974513, 0.0010000000474974513, 0.0010000000474974513, 0.0010000000474974513, 0.0010000000474974513, 0.0010000000474974513, 0.0010000000474974513, 0.0010000000474974513, 0.0010000000474974513, 0.0005000000237487257, 0.0005000000237487257, 0.0005000000237487257, 0.0005000000237487257, 0.0005000000237487257, 0.0005000000237487257, 0.0005000000237487257, 0.0005000000237487257, 0.0005000000237487257, 0.0005000000237487257, 0.0005000000237487257, 0.0005000000237487257, 0.0002500000118743628, 0.0002500000118743628, 0.0002500000118743628]}