{"accuracy": [0.37047120928764343, 0.6431413888931274, 0.7283769845962524, 0.7803141474723816, 0.8087958097457886, 0.84858638048172, 0.8743455410003662, 0.9156020879745483, 0.932565450668335, 0.9516230225563049, 0.9434555172920227, 0.9522513151168823, 0.9643979072570801, 0.9702617526054382, 0.9826177954673767, 0.9958115220069885, 0.9972774982452393, 0.9966492056846619, 0.9993717074394226, 0.9958115220069885, 0.9964398145675659, 0.9993717074394226, 1.0, 0.9991623163223267, 0.9991623163223267, 0.9997905492782593, 1.0, 0.9997905492782593, 1.0, 1.0, 1.0, 1.0], "auc": [0.6396577954292297, 0.8818225264549255, 0.9314136505126953, 0.9502700567245483, 0.962363064289093, 0.973229706287384, 0.9778222441673279, 0.9885613918304443, 0.9922701716423035, 0.9959897398948669, 0.9938861727714539, 0.9949499368667603, 0.9973741173744202, 0.9971942901611328, 0.9987494349479675, 0.9998124241828918, 0.9999874830245972, 0.9999721050262451, 0.9999973177909851, 0.9999790787696838, 0.9999839663505554, 0.999999463558197, 0.9999999403953552, 0.9999988675117493, 0.9999983906745911, 0.9999992847442627, 1.0, 0.9999999403953552, 1.0, 1.0, 0.9999999403953552, 1.0], "loss": [1.8588597774505615, 0.8312082290649414, 0.616438627243042, 0.5279722213745117, 0.4518858790397644, 0.3802014887332916, 0.3452876806259155, 0.24009326100349426, 0.18788079917430878, 0.13906274735927582, 0.15978632867336273, 0.1462341696023941, 0.10485995560884476, 0.09429552406072617, 0.053532954305410385, 0.015368826687335968, 0.009866984561085701, 0.010356816463172436, 0.004626220557838678, 0.010167739354074001, 0.009800751693546772, 0.0025998700875788927, 0.0011519441613927484, 0.0026633755769580603, 0.0029252583626657724, 0.0014745246153324842, 0.0009293437469750643, 0.0009924339829012752, 0.0006744468701072037, 0.0004944055108353496, 0.0004266471660230309, 0.0005031931796111166], "precision": [0.517241358757019, 0.7251838445663452, 0.767436146736145, 0.815352201461792, 0.8326199650764465, 0.8635665774345398, 0.8887437582015991, 0.9239803552627563, 0.9388359785079956, 0.9551986455917358, 0.9485278725624084, 0.9578390121459961, 0.9679730534553528, 0.9739002585411072, 0.9836134314537048, 0.9960201382637024, 0.9974842667579651, 0.9968573451042175, 0.999371349811554, 0.9958106279373169, 0.9964398145675659, 0.9993715882301331, 1.0, 0.9991623163223267, 0.9991623163223267, 0.9997905492782593, 1.0, 0.9997905492782593, 1.0, 1.0, 1.0, 1.0], "recall": [0.10994764417409897, 0.49570679664611816, 0.6544502377510071, 0.7296335101127625, 0.774031400680542, 0.8245026469230652, 0.8548691272735596, 0.9061779975891113, 0.9290052652359009, 0.9465968608856201, 0.9378010630607605, 0.9468063116073608, 0.962094247341156, 0.9690052270889282, 0.9805235862731934, 0.9958115220069885, 0.9964398145675659, 0.9964398145675659, 0.99874347448349, 0.9956020712852478, 0.9964398145675659, 0.9991623163223267, 1.0, 0.9991623163223267, 0.9991623163223267, 0.9997905492782593, 1.0, 0.9997905492782593, 0.9997905492782593, 1.0, 1.0, 1.0], "val_accuracy": [0.6346381902694702, 0.7200474739074707, 0.7864768505096436, 0.781731903553009, 0.8208777904510498, 0.8007117509841919, 0.8742585778236389, 0.909845769405365, 0.9193357229232788, 0.9193357229232788, 0.9300118684768677, 0.9252669215202332, 0.9371293187141418, 0.9134045243263245, 0.9454329609870911, 0.9442467093467712, 0.9537366628646851, 0.9501779079437256, 0.9513641595840454, 0.9501779079437256, 0.9442467093467712, 0.9513641595840454, 0.9454329609870911, 0.9489917159080505, 0.9501779079437256, 0.9537366628646851, 0.9549229145050049, 0.9525504112243652, 0.9549229145050049, 0.9525504112243652, 0.9537366628646851, 0.9525504112243652], "val_auc": [0.8778128623962402, 0.9261656999588013, 0.9573655128479004, 0.9493474960327148, 0.9684977531433105, 0.963215708732605, 0.9827344417572021, 0.98737633228302, 0.991299033164978, 0.9869340658187866, 0.9899852871894836, 0.9883681535720825, 0.9905452132225037, 0.981258749961853, 0.9916216135025024, 0.9925925135612488, 0.9888972640037537, 0.9910468459129333, 0.986176073551178, 0.988197922706604, 0.9820286631584167, 0.9817640781402588, 0.9792490601539612, 0.9813198447227478, 0.9853453040122986, 0.983055591583252, 0.9846594929695129, 0.9810770153999329, 0.9817212224006653, 0.9817384481430054, 0.9817537665367126, 0.9817799925804138], "val_loss": [0.8876957297325134, 0.652961790561676, 0.48630833625793457, 0.5508258938789368, 0.41158950328826904, 0.44767704606056213, 0.31132370233535767, 0.25476810336112976, 0.21139681339263916, 0.2562702000141144, 0.21912433207035065, 0.22886709868907928, 0.21555082499980927, 0.31961777806282043, 0.18828368186950684, 0.19172094762325287, 0.21612665057182312, 0.202835813164711, 0.22876524925231934, 0.2448418289422989, 0.2674822211265564, 0.26727190613746643, 0.3162369728088379, 0.32234635949134827, 0.2769027650356293, 0.27083611488342285, 0.2755430340766907, 0.26546505093574524, 0.26530298590660095, 0.2722853422164917, 0.2772512435913086, 0.2811107635498047], "val_precision": [0.7975903749465942, 0.809440553188324, 0.8249337077140808, 0.8154234886169434, 0.831250011920929, 0.8110429644584656, 0.8909313678741455, 0.914738118648529, 0.929526150226593, 0.9222487807273865, 0.9318181872367859, 0.9284009337425232, 0.9471153616905212, 0.9188544154167175, 0.9464922547340393, 0.945303201675415, 0.9537366628646851, 0.9501779079437256, 0.9524940848350525, 0.9513064026832581, 0.9442467093467712, 0.9513641595840454, 0.9465557932853699, 0.9489917159080505, 0.9501779079437256, 0.9537366628646851, 0.9548693299293518, 0.9525504112243652, 0.9548693299293518, 0.9525504112243652, 0.9537366628646851, 0.9525504112243652], "val_recall": [0.39264532923698425, 0.5492289662361145, 0.7378410696983337, 0.7651245594024658, 0.7888493537902832, 0.7841044068336487, 0.8623961806297302, 0.8908659815788269, 0.9074733257293701, 0.9145907759666443, 0.9240806698799133, 0.9228944182395935, 0.9347568154335022, 0.9134045243263245, 0.9442467093467712, 0.9430605173110962, 0.9537366628646851, 0.9501779079437256, 0.9513641595840454, 0.9501779079437256, 0.9442467093467712, 0.9513641595840454, 0.9454329609870911, 0.9489917159080505, 0.9501779079437256, 0.9537366628646851, 0.9537366628646851, 0.9525504112243652, 0.9537366628646851, 0.9525504112243652, 0.9537366628646851, 0.9525504112243652], "learning_rate": [0.0010000000474974513, 0.0010000000474974513, 0.0010000000474974513, 0.0010000000474974513, 0.0010000000474974513, 0.0010000000474974513, 0.0010000000474974513, 0.0010000000474974513, 0.0010000000474974513, 0.0010000000474974513, 0.0010000000474974513, 0.0010000000474974513, 0.0010000000474974513, 0.0010000000474974513, 0.0005000000237487257, 0.0005000000237487257, 0.0005000000237487257, 0.0005000000237487257, 0.0005000000237487257, 0.0005000000237487257, 0.0002500000118743628, 0.0002500000118743628, 0.0002500000118743628, 0.0002500000118743628, 0.0002500000118743628, 0.0001250000059371814, 0.0001250000059371814, 0.0001250000059371814, 0.0001250000059371814, 0.0001250000059371814, 6.25000029685907e-05, 6.25000029685907e-05]}