{"accuracy": [0.40607330203056335, 0.6638743281364441, 0.7509947419166565, 0.8230366706848145, 0.8764398097991943, 0.8992670178413391, 0.9193717241287231, 0.9195811748504639, 0.9384292960166931, 0.9562303423881531, 0.9595811367034912, 0.9656544327735901, 0.9669110178947449, 0.9685863852500916, 0.9646073579788208, 0.9792670011520386, 0.9895287752151489, 0.9966492056846619, 0.9993717074394226, 0.9993717074394226, 0.9997905492782593, 1.0, 0.9997905492782593, 1.0, 0.9995811581611633, 0.9995811581611633, 0.9993717074394226, 0.9995811581611633, 1.0, 0.9997905492782593, 1.0, 1.0], "auc": [0.6779694557189941, 0.889988124370575, 0.9381756782531738, 0.9609464406967163, 0.9806163907051086, 0.9861010313034058, 0.9906405210494995, 0.9902839660644531, 0.9924826622009277, 0.99595046043396, 0.996256411075592, 0.9975448250770569, 0.9972618818283081, 0.9971174001693726, 0.9961557984352112, 0.9981107115745544, 0.9996572136878967, 0.9999777674674988, 0.9999988079071045, 0.9999997615814209, 0.9999999403953552, 0.9999999403953552, 0.9999998807907104, 1.0, 0.9999997615814209, 0.999998927116394, 0.9999998211860657, 0.9999998807907104, 1.0, 1.0, 1.0, 1.0], "loss": [1.5844171047210693, 0.7988253831863403, 0.594887912273407, 0.47522467374801636, 0.32262885570526123, 0.26795876026153564, 0.217307910323143, 0.2174307405948639, 0.1821824610233307, 0.13137799501419067, 0.11879242211580276, 0.09967423975467682, 0.10038743913173676, 0.09465457499027252, 0.11165697127580643, 0.07022343575954437, 0.032403476536273956, 0.010528038255870342, 0.0037351378705352545, 0.002244666451588273, 0.0012422583531588316, 0.0006064432673156261, 0.0009501860477030277, 0.0005057716625742614, 0.0012433482334017754, 0.002078756457194686, 0.0013170054880902171, 0.0011906600557267666, 0.0005596914561465383, 0.00046749465400353074, 0.0007057033944875002, 0.0003003762394655496], "precision": [0.5398293137550354, 0.7319320440292358, 0.7949404120445251, 0.8486976027488708, 0.8913987874984741, 0.9110251665115356, 0.9271989464759827, 0.9300341010093689, 0.9430205225944519, 0.9590889811515808, 0.9624789357185364, 0.9670306444168091, 0.9692372679710388, 0.9703843593597412, 0.9669821262359619, 0.9808903932571411, 0.9909701943397522, 0.9968580007553101, 0.9993715882301331, 0.999580979347229, 0.9997905492782593, 1.0, 0.9997905492782593, 1.0, 0.9995811581611633, 0.9995811581611633, 0.9993717074394226, 0.9995811581611633, 1.0, 0.9997905492782593, 1.0, 1.0], "recall": [0.15895287692546844, 0.5323560237884521, 0.6843978762626648, 0.784712016582489, 0.8594764471054077, 0.8877487182617188, 0.9095287919044495, 0.9130889773368835, 0.9323559999465942, 0.9524607062339783, 0.9562303423881531, 0.9643979072570801, 0.963350772857666, 0.9675392508506775, 0.9629319310188293, 0.9782198667526245, 0.9882722496986389, 0.9966492056846619, 0.9991623163223267, 0.9991623163223267, 0.9997905492782593, 1.0, 0.9997905492782593, 1.0, 0.9995811581611633, 0.9995811581611633, 0.9993717074394226, 0.9995811581611633, 0.9997905492782593, 0.9997905492782593, 1.0, 1.0], "val_accuracy": [0.6725978851318359, 0.7829181551933289, 0.8125741481781006, 0.8529062867164612, 0.9027283787727356, 0.8979833722114563, 0.9015421271324158, 0.900355875492096, 0.9169632196426392, 0.9335705637931824, 0.9347568154335022, 0.927639365196228, 0.909845769405365, 0.9418742656707764, 0.9406880140304565, 0.9228944182395935, 0.9549229145050049, 0.9561091065406799, 0.9572953581809998, 0.9596678614616394, 0.9632265567779541, 0.9584816098213196, 0.9655990600585938, 0.9620403051376343, 0.9632265567779541, 0.9632265567779541, 0.9632265567779541, 0.9655990600585938, 0.9655990600585938, 0.9620403051376343, 0.9620403051376343, 0.9632265567779541], "val_auc": [0.8936038017272949, 0.942443311214447, 0.9607086777687073, 0.9698939323425293, 0.9851714372634888, 0.9823319911956787, 0.9870373606681824, 0.9878731966018677, 0.9890958070755005, 0.9878963232040405, 0.9931843876838684, 0.9887197613716125, 0.980717122554779, 0.9905498027801514, 0.9866549968719482, 0.9887827634811401, 0.9941904544830322, 0.9914757013320923, 0.9888240694999695, 0.9888557195663452, 0.9890379309654236, 0.9885122179985046, 0.9898693561553955, 0.9891432523727417, 0.9890691041946411, 0.9899554252624512, 0.9891510605812073, 0.9899771809577942, 0.989197850227356, 0.9899439215660095, 0.9897562265396118, 0.9897265434265137], "val_loss": [0.8088713884353638, 0.5826477408409119, 0.48508554697036743, 0.4139823913574219, 0.27557146549224854, 0.30076339840888977, 0.2541508972644806, 0.25161153078079224, 0.23308539390563965, 0.24141782522201538, 0.19338154792785645, 0.22892682254314423, 0.37251996994018555, 0.20879636704921722, 0.24774542450904846, 0.26223844289779663, 0.16757258772850037, 0.20576387643814087, 0.23102262616157532, 0.26170438528060913, 0.2503775656223297, 0.25905969738960266, 0.2689580023288727, 0.2842158079147339, 0.2814485728740692, 0.23024441301822662, 0.25803035497665405, 0.23903651535511017, 0.24189533293247223, 0.2517395615577698, 0.25232502818107605, 0.258517324924469], "val_precision": [0.8077669739723206, 0.8235294222831726, 0.8498659729957581, 0.871921181678772, 0.9132029414176941, 0.9045893549919128, 0.9064748287200928, 0.9105199575424194, 0.9227052927017212, 0.939068078994751, 0.9402628540992737, 0.9284009337425232, 0.9148681163787842, 0.9462365508079529, 0.9429250955581665, 0.9270334839820862, 0.9571428298950195, 0.9561091065406799, 0.9584323167800903, 0.9596678614616394, 0.9632265567779541, 0.9584816098213196, 0.9667458534240723, 0.9620403051376343, 0.9632265567779541, 0.9643705487251282, 0.9655172228813171, 0.9667458534240723, 0.9667458534240723, 0.9631829261779785, 0.9631829261779785, 0.9643705487251282], "val_recall": [0.49347567558288574, 0.6975088715553284, 0.7520759105682373, 0.8398576378822327, 0.8861209750175476, 0.8884934782981873, 0.8967971801757812, 0.8932384252548218, 0.9062870740890503, 0.9323843121528625, 0.9335705637931824, 0.9228944182395935, 0.9051008224487305, 0.9395017623901367, 0.9406880140304565, 0.9193357229232788, 0.9537366628646851, 0.9561091065406799, 0.9572953581809998, 0.9596678614616394, 0.9632265567779541, 0.9584816098213196, 0.9655990600585938, 0.9620403051376343, 0.9632265567779541, 0.9632265567779541, 0.9632265567779541, 0.9655990600585938, 0.9655990600585938, 0.9620403051376343, 0.9620403051376343, 0.9632265567779541], "learning_rate": [0.0010000000474974513, 0.0010000000474974513, 0.0010000000474974513, 0.0010000000474974513, 0.0010000000474974513, 0.0010000000474974513, 0.0010000000474974513, 0.0010000000474974513, 0.0010000000474974513, 0.0010000000474974513, 0.0010000000474974513, 0.0010000000474974513, 0.0010000000474974513, 0.0010000000474974513, 0.0010000000474974513, 0.0010000000474974513, 0.0005000000237487257, 0.0005000000237487257, 0.0005000000237487257, 0.0005000000237487257, 0.0005000000237487257, 0.0005000000237487257, 0.0002500000118743628, 0.0002500000118743628, 0.0002500000118743628, 0.0002500000118743628, 0.0002500000118743628, 0.0001250000059371814, 0.0001250000059371814, 0.0001250000059371814, 0.0001250000059371814, 0.0001250000059371814]}